{
  "student": [
    {
      "id": 1,
      "fullname": "Djarot Purnomo",
      "profilePicture": "https://randomuser.me/api/portraits/men/2.jpg",
      "address": "Bogor, Indonesia",
      "birthDate": "1995-03-15",
      "gender": "Male",
      "phoneNumber": "+6280987654321",
      "faculty": "Fakultas Ilmu Sosial dan Politik",
      "programStudy": "Administrasi Bisnis"
    },
    {
      "id": 2,
      "fullname": "Anshori Atmodiredjo awokawok",
      "profilePicture": "https://randomuser.me/api/portraits/men/47.jpg",
      "address": "Bandung, Indonesia",
      "birthDate": "1993-08-21",
      "gender": "Male",
      "phoneNumber": "+6289876543210",
      "faculty": "Fakultas Teknologi Informasi dan Sains",
      "programStudy": "Matematika"
    },
    {
      "id": 3,
      "fullname": "Michael Johnson",
      "profilePicture": "https://randomuser.me/api/portraits/men/3.jpg",
      "address": "Surabaya, Indonesia",
      "birthDate": "1998-05-07",
      "gender": "Male",
      "phoneNumber": "+6285555555555",
      "faculty": "Fakultas Ekonomi",
      "programStudy": "Ekonomi"
    },
    {
      "id": 4,
      "fullname": "Sarah Tan",
      "profilePicture": "https://randomuser.me/api/portraits/women/4.jpg",
      "address": "Yogyakarta, Indonesia",
      "birthDate": "1994-11-12",
      "gender": "Female",
      "phoneNumber": "+6289999999999",
      "faculty": "Fakultas Ilmu Sosial dan Politik",
      "programStudy": "Administrasi Publik"
    },
    {
      "id": 5,
      "fullname": "Ahmad Abdullah",
      "profilePicture": "https://randomuser.me/api/portraits/men/5.jpg",
      "address": "Medan, Indonesia",
      "birthDate": "1997-06-28",
      "gender": "Male",
      "phoneNumber": "+6287777777777",
      "faculty": "Fakultas Teknik",
      "programStudy": "Teknik Sipil"
    },
    {
      "id": 6,
      "fullname": "Lisa Wong",
      "profilePicture": "https://randomuser.me/api/portraits/women/6.jpg",
      "address": "Surabaya, Indonesia",
      "birthDate": "1996-09-02",
      "gender": "Female",
      "phoneNumber": "+6281111111111",
      "faculty": "Fakultas Teknologi Informasi dan Sains",
      "programStudy": "Informatika"
    },
    {
      "id": 7,
      "fullname": "David Lee",
      "profilePicture": "https://randomuser.me/api/portraits/men/7.jpg",
      "address": "Jakarta, Indonesia",
      "birthDate": "1995-07-17",
      "gender": "Male",
      "phoneNumber": "+6282222222222",
      "faculty": "Fakultas Teknologi Informasi dan Sains",
      "programStudy": "Fisika"
    },
    {
      "id": 8,
      "fullname": "Siti Indah",
      "profilePicture": "https://randomuser.me/api/portraits/women/8.jpg",
      "address": "Bandung, Indonesia",
      "birthDate": "1992-12-25",
      "gender": "Female",
      "phoneNumber": "+6283333333333",
      "faculty": "Fakultas Teknologi Informasi dan Sains",
      "programStudy": "Informatika"
    },
    {
      "id": 9,
      "fullname": "Budi Santoso",
      "profilePicture": "https://randomuser.me/api/portraits/men/9.jpg",
      "address": "Yogyakarta, Indonesia",
      "birthDate": "1994-04-09",
      "gender": "Male",
      "phoneNumber": "+6284444444444",
      "faculty": "Fakultas Ekonomi",
      "programStudy": "Manajemen"
    },
    {
      "id": 10,
      "fullname": "Rina Amalia",
      "profilePicture": "https://randomuser.me/api/portraits/women/10.jpg",
      "address": "Medan, Indonesia",
      "birthDate": "1997-11-30",
      "gender": "Female",
      "phoneNumber": "+6286666666666",
      "faculty": "Fakultas Ilmu Sosial dan Politik",
      "programStudy": "Hubungan Internasional"
    },
    {
      "id": 11,
      "fullname": "Andre Wijaya",
      "profilePicture": "https://randomuser.me/api/portraits/men/11.jpg",
      "address": "Surabaya, Indonesia",
      "birthDate": "1998-02-18",
      "gender": "Male",
      "phoneNumber": "+6287777777777",
      "faculty": "Fakultas Teknik",
      "programStudy": "Arsitektur"
    },
    {
      "id": 12,
      "fullname": "Dewi Susanti",
      "profilePicture": "https://randomuser.me/api/portraits/women/12.jpg",
      "address": "Jakarta, Indonesia",
      "birthDate": "1995-06-13",
      "gender": "Female",
      "phoneNumber": "+6288888888888",
      "faculty": "Fakultas Teknologi Informasi dan Sains",
      "programStudy": "Informatika"
    },
    {
      "id": 13,
      "fullname": "Rudi Setiawan",
      "profilePicture": "https://randomuser.me/api/portraits/men/13.jpg",
      "address": "Bandung, Indonesia",
      "birthDate": "1993-03-09",
      "gender": "Male",
      "phoneNumber": "+6289999999999",
      "faculty": "Fakultas Teknologi Informasi dan Sains",
      "programStudy": "Fisika"
    },
    {
      "id": 14,
      "fullname": "Lina Hartati",
      "profilePicture": "https://randomuser.me/api/portraits/women/14.jpg",
      "address": "Yogyakarta, Indonesia",
      "birthDate": "1994-08-05",
      "gender": "Female",
      "phoneNumber": "+6281010101010",
      "faculty": "Fakultas Ekonomi",
      "programStudy": "Akuntansi"
    },
    {
      "id": 15,
      "fullname": "Hendro Wijaya",
      "profilePicture": "https://randomuser.me/api/portraits/men/15.jpg",
      "address": "Medan, Indonesia",
      "birthDate": "1997-01-22",
      "gender": "Male",
      "phoneNumber": "+6281212121212",
      "faculty": "Fakultas Ilmu Sosial dan Politik",
      "programStudy": "Administrasi Bisnis"
    },
    {
      "id": 16,
      "fullname": "Yulia Cahyani",
      "profilePicture": "https://randomuser.me/api/portraits/women/16.jpg",
      "address": "Surabaya, Indonesia",
      "birthDate": "1996-04-17",
      "gender": "Female",
      "phoneNumber": "+6281313131313",
      "faculty": "Fakultas Teknik",
      "programStudy": "Teknik Sipil"
    },
    {
      "id": 17,
      "fullname": "Tono Saputra",
      "profilePicture": "https://randomuser.me/api/portraits/men/17.jpg",
      "address": "Jakarta, Indonesia",
      "birthDate": "1995-10-11",
      "gender": "Male",
      "phoneNumber": "+6281414141414",
      "faculty": "Fakultas Teknologi Informasi dan Sains",
      "programStudy": "Informatika"
    },
    {
      "id": 18,
      "fullname": "Nina Wahyuni",
      "profilePicture": "https://randomuser.me/api/portraits/women/18.jpg",
      "address": "Bandung, Indonesia",
      "birthDate": "1993-05-27",
      "gender": "Female",
      "phoneNumber": "+6281515151515",
      "faculty": "Fakultas Teknologi Informasi dan Sains",
      "programStudy": "Matematika"
    },
    {
      "id": 19,
      "fullname": "Arief Kurniawan",
      "profilePicture": "https://randomuser.me/api/portraits/men/19.jpg",
      "address": "Yogyakarta, Indonesia",
      "birthDate": "1994-12-03",
      "gender": "Male",
      "phoneNumber": "+6281616161616",
      "faculty": "Fakultas Ekonomi",
      "programStudy": "Manajemen"
    },
    {
      "id": 20,
      "fullname": "Rika Setyawati",
      "profilePicture": "https://randomuser.me/api/portraits/women/20.jpg",
      "address": "Medan, Indonesia",
      "birthDate": "1997-07-20",
      "gender": "Female",
      "phoneNumber": "+6281717171717",
      "faculty": "Fakultas Ilmu Sosial dan Politik",
      "programStudy": "Administrasi Publik"
    },
    {
      "id": 21,
      "fullname": "Eko Prasetyo",
      "profilePicture": "https://randomuser.me/api/portraits/men/21.jpg",
      "address": "Surabaya, Indonesia",
      "birthDate": "1998-10-16",
      "gender": "Male",
      "phoneNumber": "+6281818181818",
      "faculty": "Fakultas Teknik",
      "programStudy": "Teknik Sipil"
    },
    {
      "fullname": "1",
      "profilePicture": "1",
      "address": "1",
      "phoneNumber": "1",
      "birthDate": "1111-01-11",
      "gender": "Male",
      "programStudy": "1",
      "faculty": "1",
      "id": 1730202547585
    },
    {
      "fullname": "11",
      "profilePicture": "1",
      "address": "1",
      "phoneNumber": "1",
      "birthDate": "1111-11-11",
      "gender": "Male",
      "faculty": "1",
      "programStudy": "1",
      "id": 1730202737858
    }
  ]
}